Experiment,Parameter,Estimate,SE,MoE,CI95_low,CI95_high,PValue,R2_adj,RSS_global,AIC,cond_JTJ,used_pinv
E1,p1,0.14011958944828,0.023125446964021,0.04681501987182,0.0933045695764601,0.1869346093201,4.7232737012694e-07,0.997053262870493,1.81243256392767,-126.068597980524,22032.3354997411,0
E1,p2,0.017914439330742,0.00561213271791031,0.011361168721237,0.00655327060950496,0.029275608051979,0.0028339428856673,0.997053262870493,1.81243256392767,-126.068597980524,22032.3354997411,0
E1,p3,0.260641548890247,0.0396114998894383,0.0801892891999785,0.180452259690269,0.340830838090225,9.15226882271874e-08,0.997053262870493,1.81243256392767,-126.068597980524,22032.3354997411,0
E1,p5,0.644905170675836,0.105472018371474,0.213516938447228,0.431388232228608,0.858422109123063,3.96578075923839e-07,0.997053262870493,1.81243256392767,-126.068597980524,22032.3354997411,0
E1,p7,0.325640606757533,0.0297636118585324,0.0602532821433541,0.265387324614179,0.385893888900887,2.64601237020839e-13,0.997053262870493,1.81243256392767,-126.068597980524,22032.3354997411,0
E1,p9,0.176775926338292,0.0159721197685815,0.0323338660448194,0.144442060293473,0.209109792383111,1.89074810192505e-13,0.997053262870493,1.81243256392767,-126.068597980524,22032.3354997411,0
E2,p1,0.265093806435476,0.0505093574895913,0.102250848524872,0.162842957910604,0.367344654960348,6.09615687697686e-06,0.997648488830713,2.86290848530613,-105.953198938586,22252.5603834054,0
E2,p2,0.0456978142931091,0.00749399748324316,0.0151708047694484,0.0305270095236607,0.0608686190625576,4.17844132445829e-07,0.997648488830713,2.86290848530613,-105.953198938586,22252.5603834054,0
E2,p3,0.0517795263372278,0.0676116227536754,0.136872574515158,-0.0850930481779304,0.188652100852386,0.448504018657776,0.997648488830713,2.86290848530613,-105.953198938586,22252.5603834054,0
E2,p5,0.262729664746819,0.0418318475304954,0.0846841480063902,0.178045516740429,0.347413812753209,2.34781744128868e-07,0.997648488830713,2.86290848530613,-105.953198938586,22252.5603834054,0
E2,p7,0.154274383579287,0.0135133858381616,0.0273564194254651,0.126917964153822,0.181630803004752,7.5898951084816e-14,0.997648488830713,2.86290848530613,-105.953198938586,22252.5603834054,0
E2,p9,0.0773898910284097,0.00675257764192309,0.0136698787696715,0.0637200122587381,0.0910597697980812,6.76489212999312e-14,0.997648488830713,2.86290848530613,-105.953198938586,22252.5603834054,0
E3,p1,0.300271655986615,0.0805650572405598,0.163095431693023,0.137176224293592,0.463367087679638,0.00062884659182594,0.995551792496862,5.24093436938552,-79.3480825451136,28600.2799037827,0
E3,p2,0.0538648765328933,0.0115717440109636,0.023425771042078,0.0304391054908153,0.0772906475749713,3.87803720257209e-05,0.995551792496862,5.24093436938552,-79.3480825451136,28600.2799037827,0
E3,p3,0.0267224558931692,0.102085837890648,0.206661974443891,-0.179939518550721,0.23338443033706,0.794916662894495,0.995551792496862,5.24093436938552,-79.3480825451136,28600.2799037827,0
E3,p5,0.213268878446816,0.0473726817276068,0.0959009804182264,0.11736789802859,0.309169858865042,6.20618474325002e-05,0.995551792496862,5.24093436938552,-79.3480825451136,28600.2799037827,0
E3,p7,0.145832592726617,0.0174256066830762,0.0352762964718449,0.110556296254772,0.181108889198462,3.76303672664785e-10,0.995551792496862,5.24093436938552,-79.3480825451136,28600.2799037827,0
E3,p9,0.0759321435118054,0.00905932989399756,0.0183396545663619,0.0575924889454435,0.0942717980781673,3.62229392185336e-10,0.995551792496862,5.24093436938552,-79.3480825451136,28600.2799037827,0
E4,p1,0.296760801263867,0.0261428337697518,0.0529234001116063,0.243837401152261,0.349684201375473,8.98482823019331e-14,0.999449096381924,1.99921613658082,-121.752846053031,29509.4121863629,0
E4,p2,0.0360194915224307,0.00295555324882002,0.0059832047480423,0.0300362867743884,0.042002696270473,1.06619738724157e-14,0.999449096381924,1.99921613658082,-121.752846053031,29509.4121863629,0
E4,p3,0.0100000000000222,0.0356324415730448,0.0721341067664062,-0.062134106766384,0.0821341067664284,0.780506464959857,0.999449096381924,1.99921613658082,-121.752846053031,29509.4121863629,0
E4,p5,0.239836899031651,0.0212937604694779,0.0431069644221504,0.196729934609501,0.282943863453801,1.13122754281624e-13,0.999449096381924,1.99921613658082,-121.752846053031,29509.4121863629,0
E4,p7,0.140002918358307,0.00748997136152661,0.0151626543121422,0.124840264046165,0.155165572670449,9.3636963091687e-21,0.999449096381924,1.99921613658082,-121.752846053031,29509.4121863629,0
E4,p9,0.0729647665089545,0.00388571203705716,0.007866212770461,0.0650985537384935,0.0808309792794155,8.00166181434482e-21,0.999449096381924,1.99921613658082,-121.752846053031,29509.4121863629,0
E5,p1,0.15844944537146,0.0506070670897234,0.102448651269138,0.0560007941023225,0.260898096640598,0.00334452143278688,0.994969017958816,20.099857619857,-20.2027134383008,13871.9989864061,0
E5,p2,0.0100000000000222,0.00665868724119955,0.0134798075903995,-0.00347980759037727,0.0234798075904217,0.141414305229816,0.994969017958816,20.099857619857,-20.2027134383008,13871.9989864061,0
E5,p3,0.205449434322855,0.0723154168720239,0.146394907876586,0.0590545264462687,0.351844342199441,0.00718988833818299,0.994969017958816,20.099857619857,-20.2027134383008,13871.9989864061,0
E5,p5,0.23234385461894,0.0766079344128079,0.155084655334639,0.0772591992843008,0.387428509953579,0.00434969720309864,0.994969017958816,20.099857619857,-20.2027134383008,13871.9989864061,0
E5,p7,0.15482671141483,0.0261825223536786,0.0530037454492817,0.101822965965548,0.207830456864112,7.48498661614112e-07,0.994969017958816,20.099857619857,-20.2027134383008,13871.9989864061,0
E5,p9,0.0756074593920927,0.0127431035343643,0.0257970644250932,0.0498103949669995,0.101404523817186,7.03010454133031e-07,0.994969017958816,20.099857619857,-20.2027134383008,13871.9989864061,0
E6,p1,0.146005276730482,0.0831851040402939,0.168399439143581,-0.0223941624130991,0.314404715874063,0.0872874762754794,0.987458305203838,51.0157079587676,20.7798040955954,35491.0615730462,0
E6,p2,0.0100000000000222,0.0118393703465277,0.0239675522339031,-0.0139675522338809,0.0339675522339253,0.403598701933777,0.987458305203838,51.0157079587676,20.7798040955954,35491.0615730462,0
E6,p3,0.245236893437086,0.120238870493271,0.243410867701945,0.0018260257351409,0.488647761139031,0.0483893174572585,0.987458305203838,51.0157079587676,20.7798040955954,35491.0615730462,0
E6,p5,0.566188121238874,0.271201069693589,0.549017862734385,0.0171702585044889,1.11520598397326,0.0435808339381587,0.987458305203838,51.0157079587676,20.7798040955954,35491.0615730462,0
E6,p7,0.148670572629486,0.0413235519452733,0.0836551573901244,0.0650154152393616,0.23232573001961,0.000912579616291021,0.987458305203838,51.0157079587676,20.7798040955954,35491.0615730462,0
E6,p9,0.076609401539994,0.0210642610381456,0.0426423671127403,0.0339670344272537,0.119251768652734,0.000815570606616052,0.987458305203838,51.0157079587676,20.7798040955954,35491.0615730462,0
E7,p1,0.339320143507274,0.0502727125244613,0.101771785838544,0.23754835766873,0.441091929345818,5.37621734694332e-08,0.998931619621248,3.79251366680529,-93.5807960436679,151380.761569199,0
E7,p2,0.0395839302744259,0.00417926700489378,0.00846048373413682,0.0311234465402891,0.0480444140085627,1.51026552213041e-11,0.998931619621248,3.79251366680529,-93.5807960436679,151380.761569199,0
E7,p3,0.0100000000000435,0.0601213566885044,0.121709323606678,-0.111709323606635,0.131709323606722,0.86877894055022,0.998931619621248,3.79251366680529,-93.5807960436679,151380.761569199,0
E7,p5,0.155834485662438,0.0182549767952213,0.0369552684865944,0.118879217175844,0.192789754149032,2.2858534794809e-10,0.998931619621248,3.79251366680529,-93.5807960436679,151380.761569199,0
E7,p7,0.0740994366673218,0.00407410188207174,0.0082475880732488,0.065851848594073,0.0823470247405706,2.39010493582897e-20,0.998931619621248,3.79251366680529,-93.5807960436679,151380.761569199,0
E7,p9,0.0404294263064258,0.0022094652613392,0.00447282858042132,0.0359565977260045,0.0449022548868471,1.94336182734748e-20,0.998931619621248,3.79251366680529,-93.5807960436679,151380.761569199,0
E8,p1,0.309778904317454,0.0985180514345039,0.199439368363989,0.110339535953465,0.509218272681443,0.0032255138057295,0.995525242861433,45.1775025553672,15.4322925793992,100225.697380273,0
E8,p2,0.0426696227897949,0.013410830993674,0.0271488079968035,0.0155208147929914,0.0698184307865984,0.00291496364067565,0.995525242861433,45.1775025553672,15.4322925793992,100225.697380273,0
E8,p3,0.0100000000000222,0.114154526887759,0.231093758015711,-0.221093758015689,0.241093758015733,0.930654175486615,0.995525242861433,45.1775025553672,15.4322925793992,100225.697380273,0
E8,p5,0.441896879274579,0.201255553620127,0.407420568203457,0.0344763110711223,0.849317447478036,0.0342902626168868,0.995525242861433,45.1775025553672,15.4322925793992,100225.697380273,0
E8,p7,0.0998924843079304,0.0176780710824266,0.0357873839284854,0.0641051003794449,0.135679868236416,1.71638718373302e-06,0.995525242861433,45.1775025553672,15.4322925793992,100225.697380273,0
E8,p9,0.0496245151573148,0.00867844651408112,0.017568596474928,0.0320559186823868,0.0671931116322428,1.38692329592647e-06,0.995525242861433,45.1775025553672,15.4322925793992,100225.697380273,0
E9,p1,0.225704568599055,0.126892331489566,0.25688009531266,-0.0311755267136051,0.482584663911715,0.0832887230659653,0.979130853589696,185.178960500775,77.5041256861176,173531.263198745,0
E9,p2,0.0100000000000222,0.006937677172478,0.0140445931790698,-0.00404459317904756,0.024044593179092,0.157661059398662,0.979130853589696,185.178960500775,77.5041256861176,173531.263198745,0
E9,p3,0.0100000000000222,0.153512833164976,0.310770483544769,-0.300770483544747,0.320770483544791,0.948403127544526,0.979130853589696,185.178960500775,77.5041256861176,173531.263198745,0
E9,p5,0.204148483051985,0.114772114395758,0.232343998562609,-0.0281955155106236,0.436492481614594,0.0832854456522362,0.979130853589696,185.178960500775,77.5041256861176,173531.263198745,0
E9,p7,0.0316671796678773,0.00644807802903044,0.0130534515304182,0.0186137281374591,0.0447206311982955,1.75191419587824e-05,0.979130853589696,185.178960500775,77.5041256861176,173531.263198745,0
E9,p9,0.0155997260140448,0.00309665349244098,0.00626884725775514,0.00933087875628966,0.0218685732717999,1.18042516924467e-05,0.979130853589696,185.178960500775,77.5041256861176,173531.263198745,0
E10,p1,0.306455857090404,0.108678536372825,0.220008194775641,0.0864476623147629,0.526464051866045,0.0075925873605095,0.994389783198463,72.2213101353546,36.0742732673264,312806.655411835,0
E10,p2,0.0215513217253998,0.00630160847669663,0.0127569394234829,0.00879438230191694,0.0343082611488827,0.00150970638167837,0.994389783198463,72.2213101353546,36.0742732673264,312806.655411835,0
E10,p3,0.0100000000000222,0.121825617869455,0.246623069829895,-0.236623069829873,0.256623069829918,0.935010336648612,0.994389783198463,72.2213101353546,36.0742732673264,312806.655411835,0
E10,p5,0.0933512643297221,0.0408145527457065,0.0826247423810855,0.0107265219486366,0.175976006710808,0.0278419469052602,0.994389783198463,72.2213101353546,36.0742732673264,312806.655411835,0
E10,p7,0.040926541034819,0.00541279346403408,0.0109576274990514,0.0299689135357676,0.0518841685338704,4.33813642337405e-09,0.994389783198463,72.2213101353546,36.0742732673264,312806.655411835,0
E10,p9,0.0218309774430464,0.00285402001530592,0.00577766146267325,0.0160533159803732,0.0276086389057196,3.31170322403514e-09,0.994389783198463,72.2213101353546,36.0742732673264,312806.655411835,0
